{
   "kombinasi":[
      {
         "obat_a":"Amlodipine",
         "obat_b":"Simvastatin",
         "jawaban":"Amlodipine dapat meningkatkan kadar simvastatin dalam darah hingga dua kali lipat, yang meningkatkan risiko efek samping seperti mialgia atau rabdomyolisis. Jika digunakan bersama, dosis simvastatin sebaiknya dibatasi maksimal 20 mg per hari; penggunaan dosis lebih tinggi adalah off-label. Alternatif seperti pravastatin, rosuvastatin, atau atorvastatin dapat dipertimbangkan jika diperlukan."
      },
      {
         "obat_a":"Metformin",
         "obat_b":"Atorvastatin",
         "jawaban":"Metformin dan atorvastatin aman dikonsumsi secara bersamaan. Kombinasi kedua obat ini bahkan bisa membantu menjaga kesehatan jantung, terutama bagi penderita diabetes. Tidak ada efek samping berbahaya yang diketahui saat keduanya diminum bersamaan. Meski begitu, tetap disarankan untuk rutin memeriksakan kadar gula darah dan fungsi hati sesuai arahan dokter."
      }
   ]
}